{"cameraMode":{"drawMode":0,"name":"Shaded","section":"Shading Mode"},"sceneLighting":true,"audioPlay":false,"sceneViewState":{"m_AlwaysRefresh":false,"showFog":true,"showSkybox":true,"showFlares":true,"showImageEffects":true,"showParticleSystems":true,"showVisualEffectGraphs":true,"m_FxEnabled":true},"in2DMode":false,"pivot":{"x":14.071356773376465,"y":-1.9546843767166138,"z":53.34681701660156},"rotation":{"x":0.025794677436351777,"y":-0.031806930899620059,"z":0.0008232136024162173,"w":0.9991913437843323},"size":32.489139556884769,"orthographic":false}