{"cameraMode":{"drawMode":0,"name":"Shaded","section":"Shading Mode"},"sceneLighting":true,"audioPlay":false,"sceneViewState":{"m_AlwaysRefresh":false,"showFog":true,"showSkybox":true,"showFlares":true,"showImageEffects":true,"showParticleSystems":true,"showVisualEffectGraphs":true,"m_FxEnabled":true},"in2DMode":false,"pivot":{"x":8.629484176635743,"y":-1.0952826738357545,"z":67.67137908935547},"rotation":{"x":-0.02279946766793728,"y":-0.029078301042318345,"z":0.0006516552530229092,"w":-0.9993726015090942},"size":42.30931091308594,"orthographic":false}